OH,sulpahtes,total_SO₂,vol-acid,dens
0.16288901968196726,0.11427378683986746,0.10407594838046785,0.09925354609404094,0.09001377552030004
